[
{
    "model": "shop.category",
    "pk": 1,
    "fields": {
        "name": "Food",
        "slug": "food"
    }
},
{
    "model": "shop.category",
    "pk": 2,
    "fields": {
        "name": "Clothes",
        "slug": "clothes"
    }
},
{
    "model": "shop.category",
    "pk": 11,
    "fields": {
        "name": "Electronics",
        "slug": "electronics"
    }
},
{
    "model": "shop.subcategory",
    "pk": 1,
    "fields": {
        "parent_category": 1,
        "name": "Meat",
        "items": 4,
        "slug": "meat"
    }
},
{
    "model": "shop.subcategory",
    "pk": 2,
    "fields": {
        "parent_category": 1,
        "name": "Fruits",
        "items": 4,
        "slug": "fruits"
    }
},
{
    "model": "shop.subcategory",
    "pk": 3,
    "fields": {
        "parent_category": 1,
        "name": "Instant food",
        "items": 5,
        "slug": "instant-food"
    }
},
{
    "model": "shop.subcategory",
    "pk": 4,
    "fields": {
        "parent_category": 2,
        "name": "Top",
        "items": 3,
        "slug": "top"
    }
},
{
    "model": "shop.subcategory",
    "pk": 5,
    "fields": {
        "parent_category": 2,
        "name": "Pants",
        "items": 4,
        "slug": "pants"
    }
},
{
    "model": "shop.subcategory",
    "pk": 6,
    "fields": {
        "parent_category": 2,
        "name": "Dress",
        "items": 1,
        "slug": "dress"
    }
},
{
    "model": "shop.subcategory",
    "pk": 7,
    "fields": {
        "parent_category": 11,
        "name": "Notebook",
        "items": 5,
        "slug": "notebook"
    }
},
{
    "model": "shop.subcategory",
    "pk": 8,
    "fields": {
        "parent_category": 11,
        "name": "Phone",
        "items": 2,
        "slug": "phone"
    }
},
{
    "model": "shop.subcategory",
    "pk": 9,
    "fields": {
        "parent_category": 11,
        "name": "TV",
        "items": 1,
        "slug": "tv"
    }
},
{
    "model": "shop.product",
    "pk": 1,
    "fields": {
        "category": 1,
        "name": "Korea Beef",
        "slug": "korea-beef",
        "price": 20000,
        "description": "\ud55c\uad6d \uc18c\uace0\uae30",
        "quantity": 100,
        "available": true,
        "created": "2020-01-06T06:15:47.601Z",
        "updated": "2020-01-06T08:12:31.788Z"
    }
},
{
    "model": "shop.product",
    "pk": 2,
    "fields": {
        "category": 1,
        "name": "Beaf",
        "slug": "beaf",
        "price": 15000,
        "description": "\uc218\uc785\uc0b0 \uc18c\uace0\uae30\uc785\ub2c8\ub2e4.\r\n\uc218\uc785\uc0b0 \uc18c\uace0\uae30\uc785\ub2c8\ub2e4.\r\n\uc218\uc785\uc0b0 \uc18c\uace0\uae30\uc785\ub2c8\ub2e4.\r\n\uc218\uc785\uc0b0 \uc18c\uace0\uae30\uc785\ub2c8\ub2e4.",
        "quantity": 100,
        "available": true,
        "created": "2020-01-06T07:31:48.979Z",
        "updated": "2020-01-06T11:50:50.132Z"
    }
},
{
    "model": "shop.product",
    "pk": 3,
    "fields": {
        "category": 1,
        "name": "Pork",
        "slug": "pork",
        "price": 12000,
        "description": "\ub9db\uc788\ub294 \ub3fc\uc9c0 \uace0\uae30 \uc785\ub2c8\ub2e4. \ub9db\uc788\ub294 \ub3fc\uc9c0 \uace0\uae30 \uc785\ub2c8\ub2e4. \ub9db\uc788\ub294 \ub3fc\uc9c0 \uace0\uae30 \uc785\ub2c8\ub2e4. \ub9db\uc788\ub294 \ub3fc\uc9c0 \uace0\uae30 \uc785\ub2c8\ub2e4. \ub9db\uc788\ub294 \ub3fc\uc9c0 \uace0\uae30 \uc785\ub2c8\ub2e4.",
        "quantity": 100,
        "available": true,
        "created": "2020-01-06T07:32:09.766Z",
        "updated": "2020-01-06T11:50:34.613Z"
    }
},
{
    "model": "shop.product",
    "pk": 4,
    "fields": {
        "category": 1,
        "name": "Chicken",
        "slug": "chicken",
        "price": 8000,
        "description": "\ub2e8\ubc31\uc9c8\uc774 \ud48d\ubd80\ud55c \ub2ed\uace0\uae30 \uc785\ub2c8\ub2e4. \ub2e8\ubc31\uc9c8\uc774 \ud48d\ubd80\ud55c \ub2ed\uace0\uae30 \uc785\ub2c8\ub2e4. \ub2e8\ubc31\uc9c8\uc774 \ud48d\ubd80\ud55c \ub2ed\uace0\uae30 \uc785\ub2c8\ub2e4. \ub2e8\ubc31\uc9c8\uc774 \ud48d\ubd80\ud55c \ub2ed\uace0\uae30 \uc785\ub2c8\ub2e4. \ub2e8\ubc31\uc9c8\uc774 \ud48d\ubd80\ud55c \ub2ed\uace0\uae30 \uc785\ub2c8\ub2e4. \ub2e8\ubc31\uc9c8\uc774 \ud48d\ubd80\ud55c \ub2ed\uace0\uae30 \uc785\ub2c8\ub2e4.",
        "quantity": 120,
        "available": true,
        "created": "2020-01-06T07:33:38.607Z",
        "updated": "2020-01-06T11:51:39.520Z"
    }
},
{
    "model": "shop.product",
    "pk": 5,
    "fields": {
        "category": 2,
        "name": "Apple",
        "slug": "apple",
        "price": 500,
        "description": "\ub9db\uc788\ub294 \uc0ac\uacfc\uc785\ub2c8\ub2e4. \uc601\uc591\ub3c4 \ud48d\ubd80\ud574\uc694~",
        "quantity": 1200,
        "available": true,
        "created": "2020-01-06T11:54:09.839Z",
        "updated": "2020-01-06T11:54:09.839Z"
    }
},
{
    "model": "shop.product",
    "pk": 6,
    "fields": {
        "category": 2,
        "name": "Orange",
        "slug": "orange",
        "price": 1000,
        "description": "\ub2ec\ucf64\ud55c \uc624\ub80c\uc9c0 \uc785\ub2c8\ub2e4.",
        "quantity": 1000,
        "available": true,
        "created": "2020-01-06T11:54:46.207Z",
        "updated": "2020-01-06T11:54:46.207Z"
    }
},
{
    "model": "shop.product",
    "pk": 7,
    "fields": {
        "category": 2,
        "name": "Grape",
        "slug": "grape",
        "price": 1000,
        "description": "\ub2ec\ucf64\ud55c \ud3ec\ub3c4\uc785\ub2c8\ub2e4. \ub2ec\ucf64\ud55c \ud3ec\ub3c4\uc785\ub2c8\ub2e4. \ub2ec\ucf64\ud55c \ud3ec\ub3c4\uc785\ub2c8\ub2e4. \ub2ec\ucf64\ud55c \ud3ec\ub3c4\uc785\ub2c8\ub2e4. \ub2ec\ucf64\ud55c \ud3ec\ub3c4\uc785\ub2c8\ub2e4. \ub2ec\ucf64\ud55c \ud3ec\ub3c4\uc785\ub2c8\ub2e4. \ub2ec\ucf64\ud55c \ud3ec\ub3c4\uc785\ub2c8\ub2e4. \ub2ec\ucf64\ud55c \ud3ec\ub3c4\uc785\ub2c8\ub2e4. \ub2ec\ucf64\ud55c \ud3ec\ub3c4\uc785\ub2c8\ub2e4. \ub2ec\ucf64\ud55c \ud3ec\ub3c4\uc785\ub2c8\ub2e4.",
        "quantity": 1000,
        "available": true,
        "created": "2020-01-06T11:55:37.474Z",
        "updated": "2020-01-06T11:55:37.474Z"
    }
},
{
    "model": "shop.product",
    "pk": 8,
    "fields": {
        "category": 2,
        "name": "Cherry",
        "slug": "cherry",
        "price": 500,
        "description": "\uccb4\ub9ac\uc785\ub2c8\ub2e4. \uc815\ub9d0 \ub9db\uc788\uc5b4\uc694!! \uccb4\ub9ac\uc785\ub2c8\ub2e4. \uc815\ub9d0 \ub9db\uc788\uc5b4\uc694!! \uccb4\ub9ac\uc785\ub2c8\ub2e4. \uc815\ub9d0 \ub9db\uc788\uc5b4\uc694!! \uccb4\ub9ac\uc785\ub2c8\ub2e4. \uc815\ub9d0 \ub9db\uc788\uc5b4\uc694!! \uccb4\ub9ac\uc785\ub2c8\ub2e4. \uc815\ub9d0 \ub9db\uc788\uc5b4\uc694!!",
        "quantity": 100,
        "available": true,
        "created": "2020-01-06T11:56:20.491Z",
        "updated": "2020-01-06T11:56:20.491Z"
    }
},
{
    "model": "shop.product",
    "pk": 9,
    "fields": {
        "category": 3,
        "name": "Tuna",
        "slug": "tuna",
        "price": 1200,
        "description": "\ud1b5\uc870\ub9bc \ucc38\uce58\uc785\ub2c8\ub2e4. \ud1b5\uc870\ub9bc \ucc38\uce58\uc785\ub2c8\ub2e4. \ud1b5\uc870\ub9bc \ucc38\uce58\uc785\ub2c8\ub2e4. \ud1b5\uc870\ub9bc \ucc38\uce58\uc785\ub2c8\ub2e4. \ud1b5\uc870\ub9bc \ucc38\uce58\uc785\ub2c8\ub2e4.",
        "quantity": 300,
        "available": true,
        "created": "2020-01-06T11:57:17.922Z",
        "updated": "2020-01-06T12:00:27.745Z"
    }
},
{
    "model": "shop.product",
    "pk": 10,
    "fields": {
        "category": 3,
        "name": "Spam",
        "slug": "spam",
        "price": 1300,
        "description": "\uac04\ub2e8\ud558\uac8c \uc694\ub9ac \ud574 \uba39\uc744 \uc218 \uc788\uc2b5\ub2c8\ub2e4.",
        "quantity": 2000,
        "available": true,
        "created": "2020-01-06T11:58:09.407Z",
        "updated": "2020-01-06T11:58:09.407Z"
    }
},
{
    "model": "shop.product",
    "pk": 11,
    "fields": {
        "category": 3,
        "name": "Cereal",
        "slug": "cereal",
        "price": 3000,
        "description": "\uc544\uce68 \uc2dd\uc0ac \uac70\ub974\uc9c0\ub9c8\uc138\uc694~",
        "quantity": 1000,
        "available": true,
        "created": "2020-01-06T11:59:33.148Z",
        "updated": "2020-01-06T12:00:27.752Z"
    }
},
{
    "model": "shop.product",
    "pk": 12,
    "fields": {
        "category": 3,
        "name": "Ramen",
        "slug": "ramen",
        "price": 1000,
        "description": "\uac04\ub2e8\ud558\uac8c \ub053\uc5ec\uba39\uc744 \uc218 \uc788\uc2b5\ub2c8\ub2e4.",
        "quantity": 3000,
        "available": true,
        "created": "2020-01-06T12:00:15.064Z",
        "updated": "2020-01-06T12:00:15.064Z"
    }
},
{
    "model": "shop.product",
    "pk": 13,
    "fields": {
        "category": 3,
        "name": "Chocolate",
        "slug": "chocolate",
        "price": 800,
        "description": "\ub2ec\ucf64\ud55c \ucd08\ucf5c\ub81b\uc785\ub2c8\ub2e4.",
        "quantity": 2000,
        "available": true,
        "created": "2020-01-06T12:01:14.910Z",
        "updated": "2020-01-06T12:01:14.910Z"
    }
},
{
    "model": "shop.product",
    "pk": 14,
    "fields": {
        "category": 4,
        "name": "Sweater",
        "slug": "sweater",
        "price": 23000,
        "description": "\ub530\ub4ef\ud55c \uc2a4\uc6e8\ud130\uc785\ub2c8\ub2e4.",
        "quantity": 300,
        "available": true,
        "created": "2020-01-06T12:02:19.879Z",
        "updated": "2020-01-06T12:02:19.879Z"
    }
},
{
    "model": "shop.product",
    "pk": 15,
    "fields": {
        "category": 4,
        "name": "Turtle neck sweater",
        "slug": "turtle-neck-sweater",
        "price": 25000,
        "description": "\ubaa9\uc774 \ub530\ub73b\ud569\ub2c8\ub2e4.",
        "quantity": 300,
        "available": true,
        "created": "2020-01-06T12:03:19.780Z",
        "updated": "2020-01-06T12:03:19.780Z"
    }
},
{
    "model": "shop.product",
    "pk": 16,
    "fields": {
        "category": 4,
        "name": "Shirts",
        "slug": "shirts",
        "price": 15000,
        "description": "\uae54\ub054\ud55c \ud770\uc0c9 \uc154\uce20\uc785\ub2c8\ub2e4.",
        "quantity": 230,
        "available": true,
        "created": "2020-01-06T12:04:08.285Z",
        "updated": "2020-01-06T12:04:08.285Z"
    }
},
{
    "model": "shop.product",
    "pk": 17,
    "fields": {
        "category": 5,
        "name": "Slacks",
        "slug": "slacks",
        "price": 15000,
        "description": "\uae54\ub054\ud55c \uc2ac\ub809\uc2a4\uc785\ub2c8\ub2e4.",
        "quantity": 1000,
        "available": true,
        "created": "2020-01-06T12:04:42.874Z",
        "updated": "2020-01-06T12:04:42.874Z"
    }
},
{
    "model": "shop.product",
    "pk": 18,
    "fields": {
        "category": 5,
        "name": "Blue Jean",
        "slug": "blue-jean",
        "price": 23000,
        "description": "\ud54f\uc774 \uc608\uc05c \uccad\ubc14\uc9c0\uc785\ub2c8\ub2e4.",
        "quantity": 1200,
        "available": true,
        "created": "2020-01-06T12:05:24.982Z",
        "updated": "2020-01-06T12:05:24.982Z"
    }
},
{
    "model": "shop.product",
    "pk": 19,
    "fields": {
        "category": 5,
        "name": "Tapered Jeans",
        "slug": "tapered-jeans",
        "price": 20000,
        "description": "\ubb34\ub09c\ud55c \ud14c\uc774\ud37c\ub4dc \uccad\ubc14\uc9c0\uc785\ub2c8\ub2e4.",
        "quantity": 1200,
        "available": true,
        "created": "2020-01-06T12:06:38.565Z",
        "updated": "2020-01-06T12:06:38.565Z"
    }
},
{
    "model": "shop.product",
    "pk": 20,
    "fields": {
        "category": 5,
        "name": "Short Pants",
        "slug": "short-pants",
        "price": 12000,
        "description": "\ubc18\ubc14\uc9c0 \uc785\ub2c8\ub2e4. \uc774\ubbf8\uc9c0\ub294 \uc5c6\uc2b5\ub2c8\ub2e4.",
        "quantity": 1200,
        "available": true,
        "created": "2020-01-06T12:07:20.979Z",
        "updated": "2020-01-06T12:07:20.979Z"
    }
},
{
    "model": "shop.product",
    "pk": 21,
    "fields": {
        "category": 6,
        "name": "Wedding Dress",
        "slug": "wedding-dress",
        "price": 1200000,
        "description": "\ube44\uc2f8\uace0 \uc608\uc05c \uc6e8\ub529\ub4dc\ub808\uc2a4\uc785\ub2c8\ub2e4.",
        "quantity": 10,
        "available": true,
        "created": "2020-01-06T12:07:59.579Z",
        "updated": "2020-01-06T12:07:59.579Z"
    }
},
{
    "model": "shop.product",
    "pk": 22,
    "fields": {
        "category": 7,
        "name": "2016 Mac Book Pro 15 inch",
        "slug": "2016-mac-book-pro-15-inch",
        "price": 1800000,
        "description": "\ub9e5\ubd81 \ud504\ub85c 15\uc778\uce58 \uc785\ub2c8\ub2e4.\r\n2016\ub144\ub3c4 \uc81c\ud488\uc785\ub2c8\ub2e4.",
        "quantity": 200,
        "available": true,
        "created": "2020-01-06T12:09:14.901Z",
        "updated": "2020-01-06T12:09:14.901Z"
    }
},
{
    "model": "shop.product",
    "pk": 23,
    "fields": {
        "category": 7,
        "name": "Mac Book Air",
        "slug": "mac-book-air",
        "price": 1500000,
        "description": "\uac00\ubcbc\uc6b4 \ub9e5\ubd81 \uc5d0\uc5b4 \uc785\ub2c8\ub2e4. \uc0ac\uace0\uc2f6\uc2b5\ub2c8\ub2e4..",
        "quantity": 2000,
        "available": true,
        "created": "2020-01-06T12:09:59.932Z",
        "updated": "2020-01-06T12:09:59.932Z"
    }
},
{
    "model": "shop.product",
    "pk": 24,
    "fields": {
        "category": 7,
        "name": "LG Gram 15 inch",
        "slug": "lg-gram-15-inch",
        "price": 1600000,
        "description": "LG Gram 16\uc778\uce58 \uc785\ub2c8\ub2e4.",
        "quantity": 120,
        "available": true,
        "created": "2020-01-06T12:11:25.444Z",
        "updated": "2020-01-06T12:11:25.444Z"
    }
},
{
    "model": "shop.product",
    "pk": 25,
    "fields": {
        "category": 7,
        "name": "Samsung Note Pen 9",
        "slug": "samsung-note-pen-9",
        "price": 1200000,
        "description": "\uc0bc\uc131 \ub178\ud2b8 \ud39c 9\uc785\ub2c8\ub2e4.",
        "quantity": 120,
        "available": true,
        "created": "2020-01-06T12:12:15.781Z",
        "updated": "2020-01-06T12:12:15.781Z"
    }
},
{
    "model": "shop.product",
    "pk": 26,
    "fields": {
        "category": 7,
        "name": "HP Notebook",
        "slug": "hp-notebook",
        "price": 1000000,
        "description": "HP \ub178\ud2b8\ubd81 \uc785\ub2c8\ub2e4.",
        "quantity": 129,
        "available": true,
        "created": "2020-01-06T12:12:49.716Z",
        "updated": "2020-01-06T12:12:49.716Z"
    }
},
{
    "model": "shop.product",
    "pk": 27,
    "fields": {
        "category": 8,
        "name": "Iphone11",
        "slug": "iphone11",
        "price": 1200000,
        "description": "\ube44\uc2fc \uc544\uc774\ud3f0 11\uc785\ub2c8\ub2e4. \uc608\uc058\ub124\uc694",
        "quantity": 120,
        "available": true,
        "created": "2020-01-06T12:13:37.577Z",
        "updated": "2020-01-06T12:13:37.577Z"
    }
},
{
    "model": "shop.product",
    "pk": 28,
    "fields": {
        "category": 8,
        "name": "IPhone XR",
        "slug": "iphone-xr",
        "price": 1000000,
        "description": "\uc544\uc774\ud3f0 XR\uc785\ub2c8\ub2e4.",
        "quantity": 120,
        "available": true,
        "created": "2020-01-06T12:14:18.370Z",
        "updated": "2020-01-06T12:14:18.371Z"
    }
},
{
    "model": "shop.product",
    "pk": 29,
    "fields": {
        "category": 9,
        "name": "Samsung QLED TV",
        "slug": "samsung-qled-tv",
        "price": 2500000,
        "description": "\ub9e4\uc6b0 \ube44\uc309\ub2c8\ub2e4.",
        "quantity": 101,
        "available": true,
        "created": "2020-01-06T12:15:30.058Z",
        "updated": "2020-01-06T12:15:30.058Z"
    }
},
{
    "model": "shop.productimage",
    "pk": 2,
    "fields": {
        "product": 1,
        "image": "products/korea-beef/korea-beef-1.jpg"
    }
},
{
    "model": "shop.productimage",
    "pk": 3,
    "fields": {
        "product": 3,
        "image": "products/pork/pork-3.jpg"
    }
},
{
    "model": "shop.productimage",
    "pk": 4,
    "fields": {
        "product": 2,
        "image": "products/beaf/beaf-2.jpeg"
    }
},
{
    "model": "shop.productimage",
    "pk": 5,
    "fields": {
        "product": 4,
        "image": "products/chicken/chicken-4.jpg"
    }
},
{
    "model": "shop.productimage",
    "pk": 6,
    "fields": {
        "product": 5,
        "image": "products/apple/apple-5.jpg"
    }
},
{
    "model": "shop.productimage",
    "pk": 7,
    "fields": {
        "product": 6,
        "image": "products/orange/orange-6.jpeg"
    }
},
{
    "model": "shop.productimage",
    "pk": 8,
    "fields": {
        "product": 7,
        "image": "products/grape/grape-7.jpg"
    }
},
{
    "model": "shop.productimage",
    "pk": 9,
    "fields": {
        "product": 8,
        "image": "products/cherry/cherry-8.jpg"
    }
},
{
    "model": "shop.productimage",
    "pk": 10,
    "fields": {
        "product": 9,
        "image": "products/tuna/tuna-9.jpeg"
    }
},
{
    "model": "shop.productimage",
    "pk": 11,
    "fields": {
        "product": 10,
        "image": "products/spam/spam-10.png"
    }
},
{
    "model": "shop.productimage",
    "pk": 12,
    "fields": {
        "product": 11,
        "image": "products/cereal/cereal-11.jpg"
    }
},
{
    "model": "shop.productimage",
    "pk": 13,
    "fields": {
        "product": 12,
        "image": "products/ramen/ramen-12.jpg"
    }
},
{
    "model": "shop.productimage",
    "pk": 14,
    "fields": {
        "product": 13,
        "image": "products/chocolate/chocolate-13.jpg"
    }
},
{
    "model": "shop.productimage",
    "pk": 15,
    "fields": {
        "product": 14,
        "image": "products/sweater/sweater-14.jpg"
    }
},
{
    "model": "shop.productimage",
    "pk": 16,
    "fields": {
        "product": 15,
        "image": "products/turtle-neck-sweater/turtle-neck-sweater-15.jpg"
    }
},
{
    "model": "shop.productimage",
    "pk": 17,
    "fields": {
        "product": 16,
        "image": "products/shirts/shirts-16.jpg"
    }
},
{
    "model": "shop.productimage",
    "pk": 18,
    "fields": {
        "product": 17,
        "image": "products/slacks/slacks-17.jpg"
    }
},
{
    "model": "shop.productimage",
    "pk": 19,
    "fields": {
        "product": 18,
        "image": "products/blue-jean/blue-jean-18.jpg"
    }
},
{
    "model": "shop.productimage",
    "pk": 20,
    "fields": {
        "product": 19,
        "image": "products/tapered-jeans/tapered-jeans-19.jpg"
    }
},
{
    "model": "shop.productimage",
    "pk": 21,
    "fields": {
        "product": 21,
        "image": "products/wedding-dress/wedding-dress-21.jpg"
    }
},
{
    "model": "shop.productimage",
    "pk": 22,
    "fields": {
        "product": 22,
        "image": "products/2016-mac-book-pro-15-inch/2016-mac-book-pro-15-inch-22.png"
    }
},
{
    "model": "shop.productimage",
    "pk": 23,
    "fields": {
        "product": 23,
        "image": "products/mac-book-air/mac-book-air-23.png"
    }
},
{
    "model": "shop.productimage",
    "pk": 24,
    "fields": {
        "product": 24,
        "image": "products/lg-gram-15-inch/lg-gram-15-inch-24.jpeg"
    }
},
{
    "model": "shop.productimage",
    "pk": 25,
    "fields": {
        "product": 25,
        "image": "products/samsung-note-pen-9/samsung-note-pen-9-25.jpg"
    }
},
{
    "model": "shop.productimage",
    "pk": 26,
    "fields": {
        "product": 26,
        "image": "products/hp-notebook/hp-notebook-26.png"
    }
},
{
    "model": "shop.productimage",
    "pk": 27,
    "fields": {
        "product": 27,
        "image": "products/iphone11/iphone11-27.jpeg"
    }
},
{
    "model": "shop.productimage",
    "pk": 28,
    "fields": {
        "product": 28,
        "image": "products/iphone-xr/iphone-xr-28.png"
    }
},
{
    "model": "shop.productimage",
    "pk": 29,
    "fields": {
        "product": 29,
        "image": "products/samsung-qled-tv/samsung-qled-tv-29.jpg"
    }
}
]
